[
  {
    "id": "card-001",
    "title": "Divine Favor",
    "title2": "Divine Fervor",
    "cost": "(3 â)",
    "symbol": null,
    "description": "Any ally gains 2 â or ê loses 2 î.",
    "type": "paladin",
    "class": "Paladin",
    "backgroundImage": "/images/paladin.svg"
  },
  {
    "id": "card-002",
    "title": "Holy Protection",
    "title2": null,
    "cost": "(7 â)",
    "symbol": null,
    "description": "Blocks the next ê card effect on a target player. Only one \"Holy Protection\" can be active at a time, refresh after it is triggered.",
    "type": "paladin",
    "class": "Paladin",
    "backgroundImage": "/images/paladin.svg"
  },
  {
    "id": "card-003",
    "title": "Sneak Attack",
    "title2": null,
    "cost": "(3 â)",
    "symbol": null,
    "description": "-2 î. If ê has the ý condition, deal an additional 2 î.",
    "type": "rogue",
    "class": "Rogue",
    "backgroundImage": "/images/rogue.svg"
  },
  {
    "id": "card-004",
    "title": "Rogue's Gambit",
    "title2": null,
    "cost": "(7 â)",
    "symbol": null,
    "description": "Discard up to 5 cards from your hand, reduce î (-1 î for 1 card, -3 î for 2, -5 î for 3, and -8 î for 5).",
    "type": "rogue",
    "class": "Rogue",
    "backgroundImage": "/images/rogue.svg"
  },
  {
    "id": "card-005",
    "title": "Arcane Focus",
    "title2": null,
    "cost": " (3 â)",
    "symbol": null,
    "description": "+2 â, immediately draw 1 card.",
    "type": "mage",
    "class": "Mage",
    "backgroundImage": "/images/mage.svg"
  },
  {
    "id": "card-006",
    "title": "Arcane Surge",
    "title2": null,
    "cost": " (8 â)",
    "symbol": null,
    "description": "You immediately draw and may play an additional card this turn. For every card you play this turn, ê discards 2 cards from the ê deck and loses 1 î.",
    "type": "mage",
    "class": "Mage",
    "backgroundImage": "/images/mage.svg"
  },
  {
    "id": "card-007",
    "title": "Cleave",
    "title2": null,
    "cost": "(4 â)",
    "symbol": null,
    "description": "You immediately draw and may play an additional card this turn.",
    "type": "warrior",
    "class": "Warrior",
    "backgroundImage": "/images/warrior.svg"
  },
  {
    "id": "card-008",
    "title": "Double-Edged Sword",
    "title2": null,
    "cost": "(9 â)",
    "symbol": null,
    "description": "Each card that you play lowers î by an additional 1 î. You may play 2 additional cards this turn. ý.",
    "type": "warrior",
    "class": "Warrior",
    "backgroundImage": "/images/warrior.svg"
  },
  {
    "id": "card-009",
    "title": "Goodberry",
    "title2": null,
    "cost": "(4 â)",
    "symbol": null,
    "description": "If used on yourself, you may play an additional card. Any one other player gains 1 â and resupplies 1 additional card at the end of the turn.",
    "type": "ranger",
    "class": "Ranger",
    "backgroundImage": "/images/ranger.svg"
  },
  {
    "id": "card-010",
    "title": "Binding Shot",
    "title2": null,
    "cost": " (7 â)",
    "symbol": null,
    "description": "ê ý. You may play 1 additional card this turn, but you do not draw any cards from card effects played after activation.",
    "type": "ranger",
    "class": "Ranger",
    "backgroundImage": "/images/ranger.svg"
  },
  {
    "id": "card-011",
    "title": "Healing Word",
    "title2": null,
    "cost": "(4 â)",
    "symbol": null,
    "description": "Remove ý from any chosen player. You immediately draw 1 card. You can use this on yourself while having the ý condition.",
    "type": "priest",
    "class": "Priest",
    "backgroundImage": "/images/priest.svg"
  },
  {
    "id": "card-012",
    "title": "Divine Restoration",
    "title2": null,
    "cost": "(8 â)",
    "symbol": null,
    "description": "Remove \"Lingering Curse\" from any chosen player. You immediately draw 2 cards and may play 2 additional cards this turn.",
    "type": "priest",
    "class": "Priest",
    "backgroundImage": "/images/priest.svg"
  },
  {
    "id": "card-013",
    "title": "Will o' Wisp",
    "title2": null,
    "cost": "(4 â)",
    "symbol": null,
    "description": "-1 î and discard 1 card from the ê deck.",
    "type": "druid",
    "class": "Druid",
    "backgroundImage": "/images/druid.svg"
  },
  {
    "id": "card-014",
    "title": "Nature's Blessing",
    "title2": null,
    "cost": " (8 â)",
    "symbol": null,
    "description": "Every card played after activating this ability lowers î by an additional 1 î.",
    "type": "druid",
    "class": "Druid",
    "backgroundImage": "/images/druid.svg"
  },
  {
    "id": "card-015",
    "title": "Eldritch Blast",
    "title2": null,
    "cost": "(4 â)",
    "symbol": null,
    "description": "-1 î for each card that lowers î played before using this ability, including the Warrior’s \"Double-Edged Sword\" and the Druid's \"Nature's Blessing\".",
    "type": "warlock",
    "class": "Warlock",
    "backgroundImage": "/images/warlock.svg"
  },
  {
    "id": "card-016",
    "title": "Borrowed Power",
    "title2": null,
    "cost": "(8 â)",
    "symbol": null,
    "description": "Reveal 1 ê card and reverse its effect. If A)  î-boosting, now lowers. B) Player-targeting, now targets ê.",
    "type": "warlock",
    "class": "Warlock",
    "backgroundImage": "/images/warlock.svg"
  },
  {
    "id": "card-017",
    "title": "Brutal Critical",
    "title2": null,
    "cost": "(2 â)",
    "symbol": null,
    "description": "You immediately draw 1 card, then you may play 1 additional card this turn. +1 â. ý.",
    "type": "barbarian",
    "class": "Barbarian",
    "backgroundImage": "/images/barbarian.svg"
  },
  {
    "id": "card-018",
    "title": "Relentless Rage",
    "title2": null,
    "cost": "(6 â)",
    "symbol": null,
    "description": "You can use this on yourself while having the ý condition. -3 î, and if you have the ý condition, end it and lower î by an additional 3 î. ý.",
    "type": "barbarian",
    "class": "Barbarian",
    "backgroundImage": "/images/barbarian.svg"
  },
  {
    "id": "card-019",
    "title": "Tactical Insight",
    "title2": null,
    "cost": "",
    "symbol": "á",
    "description": "Gain 2 â and resupply 1 additional card at the end of the turn.",
    "type": "player-deck",
    "class": "Player deck",
    "backgroundImage": "/images/player-deck.svg"
  },
  {
    "id": "card-020",
    "title": "Tactical Insight",
    "title2": null,
    "cost": "",
    "symbol": "á",
    "description": "Gain 2 â and resupply 1 additional card at the end of the turn.",
    "type": "player-deck",
    "class": "Player deck",
    "backgroundImage": "/images/player-deck.svg"
  },
  {
    "id": "card-021",
    "title": "Tactical Insight",
    "title2": null,
    "cost": "",
    "symbol": "á",
    "description": "Gain 2 â and resupply 1 additional card at the end of the turn.",
    "type": "player-deck",
    "class": "Player deck",
    "backgroundImage": "/images/player-deck.svg"
  },
  {
    "id": "card-022",
    "title": "Potion of Speed",
    "title2": null,
    "cost": "",
    "symbol": "á",
    "description": "Gain 1 â and resupply 1 additional card at the end of the turn.",
    "type": "player-deck",
    "class": "Player deck",
    "backgroundImage": "/images/player-deck.svg"
  },
  {
    "id": "card-023",
    "title": "Potion of Speed",
    "title2": null,
    "cost": "",
    "symbol": "á",
    "description": "Gain 1 â and resupply 1 additional card at the end of the turn.",
    "type": "player-deck",
    "class": "Player deck",
    "backgroundImage": "/images/player-deck.svg"
  },
  {
    "id": "card-024",
    "title": "Potion of Speed",
    "title2": null,
    "cost": "",
    "symbol": "á",
    "description": "Gain 1 â and resupply 1 additional card at the end of the turn.",
    "type": "player-deck",
    "class": "Player deck",
    "backgroundImage": "/images/player-deck.svg"
  },
  {
    "id": "card-025",
    "title": "Focused Training",
    "title2": null,
    "cost": "",
    "symbol": "á",
    "description": "Gain 5 â, but ý.",
    "type": "player-deck",
    "class": "Player deck",
    "backgroundImage": "/images/player-deck.svg"
  },
  {
    "id": "card-026",
    "title": "Focused Training",
    "title2": null,
    "cost": "",
    "symbol": "á",
    "description": "Gain 5 â, but ý.",
    "type": "player-deck",
    "class": "Player deck",
    "backgroundImage": "/images/player-deck.svg"
  },
  {
    "id": "card-027",
    "title": "Elixir of Strength",
    "title2": null,
    "cost": "",
    "symbol": "á",
    "description": "Gain 2 â and you cannot be made to ý.",
    "type": "player-deck",
    "class": "Player deck",
    "backgroundImage": "/images/player-deck.svg"
  },
  {
    "id": "card-028",
    "title": "Elixir of Strength",
    "title2": null,
    "cost": "",
    "symbol": "á",
    "description": "Gain 2 â and you cannot be made to ý.",
    "type": "player-deck",
    "class": "Player deck",
    "backgroundImage": "/images/player-deck.svg"
  },
  {
    "id": "card-029",
    "title": "Elixir of Strength",
    "title2": null,
    "cost": "",
    "symbol": "á",
    "description": "Gain 2 â and you cannot be made to ý.",
    "type": "player-deck",
    "class": "Player deck",
    "backgroundImage": "/images/player-deck.svg"
  },
  {
    "id": "card-030",
    "title": "Scroll of Haste",
    "title2": null,
    "cost": "",
    "symbol": "á",
    "description": "Gain 1 â and reshuffle this card into the deck. You immediately draw a card and may play another card this turn.",
    "type": "player-deck",
    "class": "Player deck",
    "backgroundImage": "/images/player-deck.svg"
  },
  {
    "id": "card-031",
    "title": "Scroll of Haste",
    "title2": null,
    "cost": "",
    "symbol": "á",
    "description": "Gain 1 â and reshuffle this card into the deck. You immediately draw a card and may play another card this turn.",
    "type": "player-deck",
    "class": "Player deck",
    "backgroundImage": "/images/player-deck.svg"
  },
  {
    "id": "card-032",
    "title": "Power Lock",
    "title2": null,
    "cost": "",
    "symbol": "é",
    "description": "ê ý. ê cannot reveal any cards and no one resupplies at the end of the turn.",
    "type": "player-deck",
    "class": "Player deck",
    "backgroundImage": "/images/player-deck.svg"
  },
  {
    "id": "card-033",
    "title": "Power Lock",
    "title2": null,
    "cost": "",
    "symbol": "é",
    "description": "ê ý. ê cannot reveal any cards and no one resupplies at the end of the turn.",
    "type": "player-deck",
    "class": "Player deck",
    "backgroundImage": "/images/player-deck.svg"
  },
  {
    "id": "card-034",
    "title": "+1 Magic Weapon",
    "title2": null,
    "cost": "",
    "symbol": "é",
    "description": "-2 î, +2 â.",
    "type": "player-deck",
    "class": "Player deck",
    "backgroundImage": "/images/player-deck.svg"
  },
  {
    "id": "card-035",
    "title": "+1 Magic Weapon",
    "title2": null,
    "cost": "",
    "symbol": "é",
    "description": "-2 î, +2 â.",
    "type": "player-deck",
    "class": "Player deck",
    "backgroundImage": "/images/player-deck.svg"
  },
  {
    "id": "card-036",
    "title": "Mana Drain",
    "title2": null,
    "cost": "",
    "symbol": "é",
    "description": "-3 î, +1 â.",
    "type": "player-deck",
    "class": "Player deck",
    "backgroundImage": "/images/player-deck.svg"
  },
  {
    "id": "card-037",
    "title": "Mana Drain",
    "title2": null,
    "cost": "",
    "symbol": "é",
    "description": "-3 î, +1 â.",
    "type": "player-deck",
    "class": "Player deck",
    "backgroundImage": "/images/player-deck.svg"
  },
  {
    "id": "card-038",
    "title": "Mana Drain",
    "title2": null,
    "cost": "",
    "symbol": "é",
    "description": "-3 î, +1 â.",
    "type": "player-deck",
    "class": "Player deck",
    "backgroundImage": "/images/player-deck.svg"
  },
  {
    "id": "card-039",
    "title": "Power Syphon",
    "title2": null,
    "cost": "",
    "symbol": "é",
    "description": "-1 î, +2 â. Resupply 1 additional card.",
    "type": "player-deck",
    "class": "Player deck",
    "backgroundImage": "/images/player-deck.svg"
  },
  {
    "id": "card-040",
    "title": "Power Syphon",
    "title2": null,
    "cost": "",
    "symbol": "é",
    "description": "-1 î, +2 â. Resupply 1 additional card.",
    "type": "player-deck",
    "class": "Player deck",
    "backgroundImage": "/images/player-deck.svg"
  },
  {
    "id": "card-041",
    "title": "Silence",
    "title2": null,
    "cost": "",
    "symbol": "é",
    "description": "If ê reveals a ú spell this turn, negate that card. Else, -3 î.",
    "type": "player-deck",
    "class": "Player deck",
    "backgroundImage": "/images/player-deck.svg"
  },
  {
    "id": "card-042",
    "title": "Nullify Surge",
    "title2": null,
    "cost": "",
    "symbol": "é",
    "description": "If ê gains î from a card effect this turn, negate that card. Else, -2 î.",
    "type": "player-deck",
    "class": "Player deck",
    "backgroundImage": "/images/player-deck.svg"
  },
  {
    "id": "card-043",
    "title": "Brain Fog",
    "title2": null,
    "cost": "",
    "symbol": "é",
    "description": "If ê reveals a card that targets players this turn, negate that card. Else, -1 î. Discard the top 2 cards from the ê deck.",
    "type": "player-deck",
    "class": "Player deck",
    "backgroundImage": "/images/player-deck.svg"
  },
  {
    "id": "card-044",
    "title": "Black Market",
    "title2": null,
    "cost": "",
    "symbol": "í",
    "description": "Draw 3 cards from the Player deck - you may choose up to 2 cards - the rest goes to the bottom of the deck, discard 1 card from your hand. You may play an additional card this turn.",
    "type": "player-deck",
    "class": "Player deck",
    "backgroundImage": "/images/player-deck.svg"
  },
  {
    "id": "card-045",
    "title": "Pop-up Trading Post",
    "title2": null,
    "cost": "",
    "symbol": "í",
    "description": "Draw 3 cards from the Player deck. You choose 1 card and the rest goes to the bottom of the deck. You may resupply 1 additional card at the end of turn.",
    "type": "player-deck",
    "class": "Player deck",
    "backgroundImage": "/images/player-deck.svg"
  },
  {
    "id": "card-046",
    "title": "Focused Recovery",
    "title2": null,
    "cost": "",
    "symbol": "í",
    "description": "Remove ý from an ally, but they do not resupply at the end of the turn.",
    "type": "player-deck",
    "class": "Player deck",
    "backgroundImage": "/images/player-deck.svg"
  },
  {
    "id": "card-047",
    "title": "Last Stand",
    "title2": null,
    "cost": "",
    "symbol": "í",
    "description": "All players gain 3 â, but you do not resupply at the end of your turn.",
    "type": "player-deck",
    "class": "Player deck",
    "backgroundImage": "/images/player-deck.svg"
  },
  {
    "id": "card-048",
    "title": "Last Stand",
    "title2": null,
    "cost": "",
    "symbol": "í",
    "description": "All players gain 3 â, but you do not resupply at the end of your turn.",
    "type": "player-deck",
    "class": "Player deck",
    "backgroundImage": "/images/player-deck.svg"
  },
  {
    "id": "card-049",
    "title": "Last Stand",
    "title2": null,
    "cost": "",
    "symbol": "í",
    "description": "All players gain 3 â, but you do not resupply at the end of your turn.",
    "type": "player-deck",
    "class": "Player deck",
    "backgroundImage": "/images/player-deck.svg"
  },
  {
    "id": "card-050",
    "title": "Action Surge",
    "title2": null,
    "cost": "",
    "symbol": "í",
    "description": "Remove ý from an ally.",
    "type": "player-deck",
    "class": "Player deck",
    "backgroundImage": "/images/player-deck.svg"
  },
  {
    "id": "card-051",
    "title": "Action Surge",
    "title2": null,
    "cost": "",
    "symbol": "í",
    "description": "Remove ý from an ally.",
    "type": "player-deck",
    "class": "Player deck",
    "backgroundImage": "/images/player-deck.svg"
  },
  {
    "id": "card-052",
    "title": "Tactical Shift",
    "title2": null,
    "cost": "",
    "symbol": "í",
    "description": "Immediately draw 3 cards, but ý.",
    "type": "player-deck",
    "class": "Player deck",
    "backgroundImage": "/images/player-deck.svg"
  },
  {
    "id": "card-053",
    "title": "Battle Insight",
    "title2": null,
    "cost": "",
    "symbol": "í",
    "description": "Immediately draw 2 cards.",
    "type": "player-deck",
    "class": "Player deck",
    "backgroundImage": "/images/player-deck.svg"
  },
  {
    "id": "card-054",
    "title": "Battle Insight",
    "title2": null,
    "cost": "",
    "symbol": "í",
    "description": "Immediately draw 2 cards.",
    "type": "player-deck",
    "class": "Player deck",
    "backgroundImage": "/images/player-deck.svg"
  },
  {
    "id": "card-055",
    "title": "Cunning Preparation",
    "title2": null,
    "cost": "",
    "symbol": "í",
    "description": "Immediately draw 1 card and reshuffle this card into the deck. You may play an additional card this turn.",
    "type": "player-deck",
    "class": "Player deck",
    "backgroundImage": "/images/player-deck.svg"
  },
  {
    "id": "card-056",
    "title": "Cunning Preparation",
    "title2": null,
    "cost": "",
    "symbol": "í",
    "description": "Immediately draw 1 card and reshuffle this card into the deck. You may play an additional card this turn.",
    "type": "player-deck",
    "class": "Player deck",
    "backgroundImage": "/images/player-deck.svg"
  },
  {
    "id": "card-057",
    "title": "Delayed Focus",
    "title2": null,
    "cost": "",
    "symbol": "í",
    "description": "You may play an additional card this turn. ý. At the start of the turn after that, draw 2 additional cards, gain 1 â and you may play an additional card.",
    "type": "player-deck",
    "class": "Player deck",
    "backgroundImage": "/images/player-deck.svg"
  },
  {
    "id": "card-058",
    "title": "Delayed Focus",
    "title2": null,
    "cost": "",
    "symbol": "í",
    "description": "You may play an additional card this turn. ý. At the start of the turn after that, draw 2 additional cards, gain 1 â and you may play an additional card.",
    "type": "player-deck",
    "class": "Player deck",
    "backgroundImage": "/images/player-deck.svg"
  },
  {
    "id": "card-059",
    "title": "Unsatble Magic",
    "title2": null,
    "cost": "",
    "symbol": "ó",
    "description": "Shuffle your hand into the deck, then draw one card fewer than you had in hand.",
    "type": "player-deck",
    "class": "Player deck",
    "backgroundImage": "/images/player-deck.svg"
  },
  {
    "id": "card-060",
    "title": "Fatigue",
    "title2": null,
    "cost": "",
    "symbol": "ó",
    "description": "Your next 3 â-boosting cards are reduced by 1 â. [Lingering Curse]",
    "type": "player-deck",
    "class": "Player deck",
    "backgroundImage": "/images/player-deck.svg"
  },
  {
    "id": "card-061",
    "title": "Arcane Feedback",
    "title2": null,
    "cost": "",
    "symbol": "ó",
    "description": "After drawing this card, the player must reveal another card from the player deck. If a) it results in î loss, you lose â equal to half of that amount. b) it results in â gain, î gains half that amount. Discard any other cards.",
    "type": "player-deck",
    "class": "Player deck",
    "backgroundImage": "/images/player-deck.svg"
  },
  {
    "id": "card-062",
    "title": "Amplify Damage",
    "title2": null,
    "cost": "",
    "symbol": "ó",
    "description": "The next ê card targeting you is triggered twice. This curse remains active until triggered, then discard it. [Lingering Curse]",
    "type": "player-deck",
    "class": "Player deck",
    "backgroundImage": "/images/player-deck.svg"
  },
  {
    "id": "card-063",
    "title": "Arcane Rot",
    "title2": null,
    "cost": "",
    "symbol": "ó",
    "description": "Each time you play a card, lose 1 â. This card stays active until you lose all â. [Lingering Curse]",
    "type": "player-deck",
    "class": "Player deck",
    "backgroundImage": "/images/player-deck.svg"
  },
  {
    "id": "card-064",
    "title": "Inferno Pulse",
    "title2": null,
    "cost": "",
    "symbol": "š",
    "description": "+5 î.",
    "type": "wizard-deck",
    "class": "Wizard deck",
    "backgroundImage": "/images/wizard-deck.svg"
  },
  {
    "id": "card-065",
    "title": "Inferno Pulse",
    "title2": null,
    "cost": "",
    "symbol": "š",
    "description": "+5 î.",
    "type": "wizard-deck",
    "class": "Wizard deck",
    "backgroundImage": "/images/wizard-deck.svg"
  },
  {
    "id": "card-066",
    "title": "Dark Ritual",
    "title2": null,
    "cost": "",
    "symbol": "š",
    "description": "+2 î, the player with the most â ý.",
    "type": "wizard-deck",
    "class": "Wizard deck",
    "backgroundImage": "/images/wizard-deck.svg"
  },
  {
    "id": "card-067",
    "title": "Dark Ritual",
    "title2": null,
    "cost": "",
    "symbol": "š",
    "description": "+2 î, the player with the most â ý.",
    "type": "wizard-deck",
    "class": "Wizard deck",
    "backgroundImage": "/images/wizard-deck.svg"
  },
  {
    "id": "card-068",
    "title": "Mana Overload",
    "title2": null,
    "cost": "",
    "symbol": "š",
    "description": "ê gains 1 î for each player in the game. Reshuffle this card back into the deck. Discard the top 2 cards of the ê deck.",
    "type": "wizard-deck",
    "class": "Wizard deck",
    "backgroundImage": "/images/wizard-deck.svg"
  },
  {
    "id": "card-069",
    "title": "Mana Overload",
    "title2": null,
    "cost": "",
    "symbol": "š",
    "description": "ê gains 1 î for each player in the game. Reshuffle this card back into the deck. Discard the top 2 cards of the ê deck.",
    "type": "wizard-deck",
    "class": "Wizard deck",
    "backgroundImage": "/images/wizard-deck.svg"
  },
  {
    "id": "card-070",
    "title": "Power Surge Backlash",
    "title2": null,
    "cost": "",
    "symbol": "š",
    "description": "-3 î, ê gains 1 î for each card revealed next turn. ê reveals an additional card next turn.",
    "type": "wizard-deck",
    "class": "Wizard deck",
    "backgroundImage": "/images/wizard-deck.svg"
  },
  {
    "id": "card-071",
    "title": "Magic Missile",
    "title2": null,
    "cost": "",
    "symbol": "š",
    "description": "+2 î, ê gains 1 î for every 2 players in the game.",
    "type": "wizard-deck",
    "class": "Wizard deck",
    "backgroundImage": "/images/wizard-deck.svg"
  },
  {
    "id": "card-072",
    "title": "Magic Missile",
    "title2": null,
    "cost": "",
    "symbol": "š",
    "description": "+2 î, ê gains 1 î for every 2 players in the game.",
    "type": "wizard-deck",
    "class": "Wizard deck",
    "backgroundImage": "/images/wizard-deck.svg"
  },
  {
    "id": "card-073",
    "title": "Energy outburst",
    "title2": null,
    "cost": "",
    "symbol": "š",
    "description": "+4 î, discard the top 2 cards to the bottom of the discard pile.",
    "type": "wizard-deck",
    "class": "Wizard deck",
    "backgroundImage": "/images/wizard-deck.svg"
  },
  {
    "id": "card-074",
    "title": "Energy outburst",
    "title2": null,
    "cost": "",
    "symbol": "š",
    "description": "+4 î, discard the top 2 cards to the bottom of the discard pile.",
    "type": "wizard-deck",
    "class": "Wizard deck",
    "backgroundImage": "/images/wizard-deck.svg"
  },
  {
    "id": "card-075",
    "title": "Magical Chaos",
    "title2": null,
    "cost": "",
    "symbol": "ú",
    "description": "ê reveals an additional card from his deck. If it is a î-boosting card, ê gains double the amount. Else, the revealed card resolves normally as if it was played and ê ý.",
    "type": "wizard-deck",
    "class": "Wizard deck",
    "backgroundImage": "/images/wizard-deck.svg"
  },
  {
    "id": "card-076",
    "title": "Magical Chaos",
    "title2": null,
    "cost": "",
    "symbol": "ú",
    "description": "ê reveals an additional card from his deck. If it is a î-boosting card, ê gains double the amount. Else, the revealed card resolves normally as if it was played and ê ý.",
    "type": "wizard-deck",
    "class": "Wizard deck",
    "backgroundImage": "/images/wizard-deck.svg"
  },
  {
    "id": "card-077",
    "title": "Hex of Exhaustion",
    "title2": null,
    "cost": "",
    "symbol": "ú",
    "description": "The last player that played a card ý and loses 2 â. While this card is at the top of the ê Discard Deck, ê cannot be made to ý.",
    "type": "wizard-deck",
    "class": "Wizard deck",
    "backgroundImage": "/images/wizard-deck.svg"
  },
  {
    "id": "card-078",
    "title": "Hex of Exhaustion",
    "title2": null,
    "cost": "",
    "symbol": "ú",
    "description": "The last player that played a card ý and loses 2 â. While this card is at the top of the ê Discard Deck, ê cannot be made to ý.",
    "type": "wizard-deck",
    "class": "Wizard deck",
    "backgroundImage": "/images/wizard-deck.svg"
  },
  {
    "id": "card-079",
    "title": "Hex of Exhaustion",
    "title2": null,
    "cost": "",
    "symbol": "ú",
    "description": "The last player that played a card ý and loses 2 â. While this card is at the top of the ê Discard Deck, ê cannot be made to ý.",
    "type": "wizard-deck",
    "class": "Wizard deck",
    "backgroundImage": "/images/wizard-deck.svg"
  },
  {
    "id": "card-080",
    "title": "Wild Mana Flux",
    "title2": null,
    "cost": "",
    "symbol": "ú",
    "description": "The player with the most cards reshuffles their hand into the deck, draws 3 cards, and loses 2 â.",
    "type": "wizard-deck",
    "class": "Wizard deck",
    "backgroundImage": "/images/wizard-deck.svg"
  },
  {
    "id": "card-081",
    "title": "Wild Mana Flux",
    "title2": null,
    "cost": "",
    "symbol": "ú",
    "description": "The player with the most cards reshuffles their hand into the deck, draws 3 cards, and loses 2 â.",
    "type": "wizard-deck",
    "class": "Wizard deck",
    "backgroundImage": "/images/wizard-deck.svg"
  },
  {
    "id": "card-082",
    "title": "Backlash Shock",
    "title2": null,
    "cost": "",
    "symbol": "ú",
    "description": "ê reveals an additional card from his deck. If it is not a î boosting card, negate the effect. All players lose 2 â.",
    "type": "wizard-deck",
    "class": "Wizard deck",
    "backgroundImage": "/images/wizard-deck.svg"
  },
  {
    "id": "card-083",
    "title": "Backlash Shock",
    "title2": null,
    "cost": "",
    "symbol": "ú",
    "description": "ê reveals an additional card from his deck. If it is not a î boosting card, negate the effect. All players lose 2 â.",
    "type": "wizard-deck",
    "class": "Wizard deck",
    "backgroundImage": "/images/wizard-deck.svg"
  },
  {
    "id": "card-084",
    "title": "Chain Lightning",
    "title2": null,
    "cost": "",
    "symbol": "ú",
    "description": "All players shuffle their hand into the deck, then draw one fewer card than they had and lose 1 â. ê gains 1 î  for every player affected by this card. ",
    "type": "wizard-deck",
    "class": "Wizard deck",
    "backgroundImage": "/images/wizard-deck.svg"
  },
  {
    "id": "card-085",
    "title": "Chain Lightning",
    "title2": null,
    "cost": "",
    "symbol": "ú",
    "description": "All players shuffle their hand into the deck, then draw one fewer card than they had and lose 1 â. ê gains 1 î  for every player affected by this card. ",
    "type": "wizard-deck",
    "class": "Wizard deck",
    "backgroundImage": "/images/wizard-deck.svg"
  },
  {
    "id": "card-086",
    "title": "Scorching Focus",
    "title2": null,
    "cost": "",
    "symbol": "ž",
    "description": "+1 î, ê reveals an additional card from his deck.",
    "type": "wizard-deck",
    "class": "Wizard deck",
    "backgroundImage": "/images/wizard-deck.svg"
  },
  {
    "id": "card-087",
    "title": "Scorching Focus",
    "title2": null,
    "cost": "",
    "symbol": "ž",
    "description": "+1 î, ê reveals an additional card from his deck.",
    "type": "wizard-deck",
    "class": "Wizard deck",
    "backgroundImage": "/images/wizard-deck.svg"
  },
  {
    "id": "card-088",
    "title": "Scorching Focus",
    "title2": null,
    "cost": "",
    "symbol": "ž",
    "description": "+1 î, ê reveals an additional card from his deck.",
    "type": "wizard-deck",
    "class": "Wizard deck",
    "backgroundImage": "/images/wizard-deck.svg"
  },
  {
    "id": "card-089",
    "title": "Flame Burst",
    "title2": null,
    "cost": "",
    "symbol": "ž",
    "description": "+3 î.",
    "type": "wizard-deck",
    "class": "Wizard deck",
    "backgroundImage": "/images/wizard-deck.svg"
  },
  {
    "id": "card-090",
    "title": "Flame Burst",
    "title2": null,
    "cost": "",
    "symbol": "ž",
    "description": "+3 î.",
    "type": "wizard-deck",
    "class": "Wizard deck",
    "backgroundImage": "/images/wizard-deck.svg"
  },
  {
    "id": "card-091",
    "title": "Flame Burst",
    "title2": null,
    "cost": "",
    "symbol": "ž",
    "description": "+3 î.",
    "type": "wizard-deck",
    "class": "Wizard deck",
    "backgroundImage": "/images/wizard-deck.svg"
  },
  {
    "id": "card-092",
    "title": "Smoldering Growth",
    "title2": null,
    "cost": "",
    "symbol": "ž",
    "description": "+4 î.",
    "type": "wizard-deck",
    "class": "Wizard deck",
    "backgroundImage": "/images/wizard-deck.svg"
  },
  {
    "id": "card-093",
    "title": "Smoldering Growth",
    "title2": null,
    "cost": "",
    "symbol": "ž",
    "description": "+4 î.",
    "type": "wizard-deck",
    "class": "Wizard deck",
    "backgroundImage": "/images/wizard-deck.svg"
  },
  {
    "id": "card-094",
    "title": "Paladin",
    "title2": null,
    "cost": "",
    "symbol": null,
    "description": "Paladin class card",
    "type": "paladin-class",
    "class": "Paladin Class",
    "backgroundImage": "/images/paladin-class.svg",
    "isClassCard": true,
    "state": "normal"
  },
  {
    "id": "card-095",
    "title": "Paladin (Stunned)",
    "title2": null,
    "cost": "",
    "symbol": null,
    "description": "Paladin class card - Stunned",
    "type": "paladin-class",
    "class": "Paladin Class",
    "backgroundImage": "/images/paladin-class-stunned.svg",
    "isClassCard": true,
    "state": "stunned"
  },
  {
    "id": "card-096",
    "title": "Rogue",
    "title2": null,
    "cost": "",
    "symbol": null,
    "description": "Rogue class card",
    "type": "rogue-class",
    "class": "Rogue Class",
    "backgroundImage": "/images/rogue-class.svg",
    "isClassCard": true,
    "state": "normal"
  },
  {
    "id": "card-097",
    "title": "Rogue (Stunned)",
    "title2": null,
    "cost": "",
    "symbol": null,
    "description": "Rogue class card - Stunned",
    "type": "rogue-class",
    "class": "Rogue Class",
    "backgroundImage": "/images/rogue-class-stunned.svg",
    "isClassCard": true,
    "state": "stunned"
  },
  {
    "id": "card-098",
    "title": "Mage",
    "title2": null,
    "cost": "",
    "symbol": null,
    "description": "Mage class card",
    "type": "mage-class",
    "class": "Mage Class",
    "backgroundImage": "/images/mage-class.svg",
    "isClassCard": true,
    "state": "normal"
  },
  {
    "id": "card-099",
    "title": "Mage (Stunned)",
    "title2": null,
    "cost": "",
    "symbol": null,
    "description": "Mage class card - Stunned",
    "type": "mage-class",
    "class": "Mage Class",
    "backgroundImage": "/images/mage-class-stunned.svg",
    "isClassCard": true,
    "state": "stunned"
  },
  {
    "id": "card-100",
    "title": "Warrior",
    "title2": null,
    "cost": "",
    "symbol": null,
    "description": "Warrior class card",
    "type": "warrior-class",
    "class": "Warrior Class",
    "backgroundImage": "/images/warrior-class.svg",
    "isClassCard": true,
    "state": "normal"
  },
  {
    "id": "card-101",
    "title": "Warrior (Stunned)",
    "title2": null,
    "cost": "",
    "symbol": null,
    "description": "Warrior class card - Stunned",
    "type": "warrior-class",
    "class": "Warrior Class",
    "backgroundImage": "/images/warrior-class-stunned.svg",
    "isClassCard": true,
    "state": "stunned"
  },
  {
    "id": "card-102",
    "title": "Ranger",
    "title2": null,
    "cost": "",
    "symbol": null,
    "description": "Ranger class card",
    "type": "ranger-class",
    "class": "Ranger Class",
    "backgroundImage": "/images/ranger-class.svg",
    "isClassCard": true,
    "state": "normal"
  },
  {
    "id": "card-103",
    "title": "Ranger (Stunned)",
    "title2": null,
    "cost": "",
    "symbol": null,
    "description": "Ranger class card - Stunned",
    "type": "ranger-class",
    "class": "Ranger Class",
    "backgroundImage": "/images/ranger-class-stunned.svg",
    "isClassCard": true,
    "state": "stunned"
  },
  {
    "id": "card-104",
    "title": "Priest",
    "title2": null,
    "cost": "",
    "symbol": null,
    "description": "Priest class card",
    "type": "priest-class",
    "class": "Priest Class",
    "backgroundImage": "/images/priest-class.svg",
    "isClassCard": true,
    "state": "normal"
  },
  {
    "id": "card-105",
    "title": "Priest (Stunned)",
    "title2": null,
    "cost": "",
    "symbol": null,
    "description": "Priest class card - Stunned",
    "type": "priest-class",
    "class": "Priest Class",
    "backgroundImage": "/images/priest-class-stunned.svg",
    "isClassCard": true,
    "state": "stunned"
  },
  {
    "id": "card-106",
    "title": "Druid",
    "title2": null,
    "cost": "",
    "symbol": null,
    "description": "Druid class card",
    "type": "druid-class",
    "class": "Druid Class",
    "backgroundImage": "/images/druid-class.svg",
    "isClassCard": true,
    "state": "normal"
  },
  {
    "id": "card-107",
    "title": "Druid (Stunned)",
    "title2": null,
    "cost": "",
    "symbol": null,
    "description": "Druid class card - Stunned",
    "type": "druid-class",
    "class": "Druid Class",
    "backgroundImage": "/images/druid-class-stunned.svg",
    "isClassCard": true,
    "state": "stunned"
  },
  {
    "id": "card-108",
    "title": "Warlock",
    "title2": null,
    "cost": "",
    "symbol": null,
    "description": "Warlock class card",
    "type": "warlock-class",
    "class": "Warlock Class",
    "backgroundImage": "/images/warlock-class.svg",
    "isClassCard": true,
    "state": "normal"
  },
  {
    "id": "card-109",
    "title": "Warlock (Stunned)",
    "title2": null,
    "cost": "",
    "symbol": null,
    "description": "Warlock class card - Stunned",
    "type": "warlock-class",
    "class": "Warlock Class",
    "backgroundImage": "/images/warlock-class-stunned.svg",
    "isClassCard": true,
    "state": "stunned"
  },
  {
    "id": "card-110",
    "title": "Barbarian",
    "title2": null,
    "cost": "",
    "symbol": null,
    "description": "Barbarian class card",
    "type": "barbarian-class",
    "class": "Barbarian Class",
    "backgroundImage": "/images/barbarian-class.svg",
    "isClassCard": true,
    "state": "normal"
  },
  {
    "id": "card-111",
    "title": "Barbarian (Stunned)",
    "title2": null,
    "cost": "",
    "symbol": null,
    "description": "Barbarian class card - Stunned",
    "type": "barbarian-class",
    "class": "Barbarian Class",
    "backgroundImage": "/images/barbarian-class-stunned.svg",
    "isClassCard": true,
    "state": "stunned"
  }
]